{"STANDARD_LINK": {"r2": 0.0, "rmse": 0.0, "datalen": 0.0, "rate": 23399639.38262837, "overhead": 12.025538382153206, "diskrw": 12046990.897099394}}
